"id","productType","name.en","name.en-US","description.en","description.en-US","categories","slug.en","slug.en-US","searchKeywords.en-US","_hasStagedChanges","_published","key","tax","priceMode","createdAt","lastModifiedAt","variantId","sku","variantKey","images","prices","color","brand","size"
"a94c798d-f11c-4210-8620-39c16af64d74","Clothes","","Bright green flared pants","","Flared pants in bright green color will be a great addition to your look. They are characterized by a high fit and wide pants that cover the shoes. This model visually lengthens your legs and makes your waist narrower.

You can also combine them with other things and pick up any shoes: create a sporty look with sneakers and go for a long walk or put on your favorite loafers and hurry to the office. Flared pants are suitable for any season and for any occasion!","","","product-9","green;long;HAQ-inc","true","true","product-9","default-tax","Embedded","2023-08-25T08:18:02.810Z","2023-09-30T06:28:10.235Z",1,"9-s","9-Small","https://6267da378bebcc375d98-9b001b570be5d98685e8e16041505a25.ssl.cf3.rackcdn.com/aKJSKe5gBRk-Pwp4pp5Z.jpg||510x765;https://6267da378bebcc375d98-9b001b570be5d98685e8e16041505a25.ssl.cf3.rackcdn.com/ME74xwexQug-FG2LW2x6.jpg||510x738;https://6267da378bebcc375d98-9b001b570be5d98685e8e16041505a25.ssl.cf3.rackcdn.com/tyc64r7bYUI-GwBJVDfs.jpg||510x765","USD 5200","green","HAQ-inc","small"
,,,,,,,,,,,,,,,,,2,"9-m","9-Medium","https://6267da378bebcc375d98-9b001b570be5d98685e8e16041505a25.ssl.cf3.rackcdn.com/tyc64r7bYUI-HemFtKVc.jpg||510x765;https://6267da378bebcc375d98-9b001b570be5d98685e8e16041505a25.ssl.cf3.rackcdn.com/ME74xwexQug-BXA4XyQ-.jpg||510x738;https://6267da378bebcc375d98-9b001b570be5d98685e8e16041505a25.ssl.cf3.rackcdn.com/aKJSKe5gBRk-ZQWmCsUR.jpg||510x765","USD 5200","green","HAQ-inc","medium"
,,,,,,,,,,,,,,,,,3,"9-l","9-Large","https://6267da378bebcc375d98-9b001b570be5d98685e8e16041505a25.ssl.cf3.rackcdn.com/tyc64r7bYUI-KO05fwKn.jpg||510x765;https://6267da378bebcc375d98-9b001b570be5d98685e8e16041505a25.ssl.cf3.rackcdn.com/aKJSKe5gBRk-qe0VBh2M.jpg||510x765;https://6267da378bebcc375d98-9b001b570be5d98685e8e16041505a25.ssl.cf3.rackcdn.com/ME74xwexQug-uOWb7oTe.jpg||510x738","USD 5200","green","HAQ-inc","large"
"bbd6cd97-bf60-4d1b-b655-b3fa32fb8f09","Clothes","","Wool warm jacket","","This gorgeous jacket looks like it was designed to keep you warm on a chilly October evening. If you want to look like a real gentleman, throw it gallantly into a puddle at the feet of your lady of the heart - and the delighted lover will not be able to resist your kiss!","","","product-28","blue;wool;jacket;male","true","true","product-28","default-tax","Embedded","2023-09-03T21:47:39.113Z","2023-09-30T06:28:10.235Z",1,"28-s","28-Small","https://6267da378bebcc375d98-9b001b570be5d98685e8e16041505a25.ssl.cf3.rackcdn.com/dDEv5ThM3PE-zlGA8p9X.jpg||510x765;https://6267da378bebcc375d98-9b001b570be5d98685e8e16041505a25.ssl.cf3.rackcdn.com/Oyl2Um2qabo-oNA3NgIH.jpg||510x765;https://6267da378bebcc375d98-9b001b570be5d98685e8e16041505a25.ssl.cf3.rackcdn.com/ByfILTkf51A-NaCI6JFs.jpg||510x765","USD 9900","blue","HAQ-inc","small"
,,,,,,,,,,,,,,,,,2,"28-m","28-Medium","https://6267da378bebcc375d98-9b001b570be5d98685e8e16041505a25.ssl.cf3.rackcdn.com/dDEv5ThM3PE-iHWce1mg.jpg||510x765;https://6267da378bebcc375d98-9b001b570be5d98685e8e16041505a25.ssl.cf3.rackcdn.com/Oyl2Um2qabo-a1uM5piE.jpg||510x765;https://6267da378bebcc375d98-9b001b570be5d98685e8e16041505a25.ssl.cf3.rackcdn.com/ByfILTkf51A-QtvcnC3h.jpg||510x765","USD 9900","blue","HAQ-inc","medium"
,,,,,,,,,,,,,,,,,3,"28-l","28-Large","https://6267da378bebcc375d98-9b001b570be5d98685e8e16041505a25.ssl.cf3.rackcdn.com/Oyl2Um2qabo-rWeKVddq.jpg||510x765;https://6267da378bebcc375d98-9b001b570be5d98685e8e16041505a25.ssl.cf3.rackcdn.com/ByfILTkf51A-35CgMHfl.jpg||510x765;https://6267da378bebcc375d98-9b001b570be5d98685e8e16041505a25.ssl.cf3.rackcdn.com/dDEv5ThM3PE-2oB7kC-P.jpg||510x765","USD 9900","blue","HAQ-inc","large"
"d5c0973e-8fbf-4022-b4e3-b18788c50495","Clothes","","Hussar capsule pants","","The best choice for real hussars! Pants do not constrict movement, allows you to wave the checker and move as a top, and on the wheelbarrow. Become a real hussar! A box of Stolichnaya when ordering from 10 pieces","","","product-24","black;long;Bold-Italics","true","true","product-24","default-tax","Embedded","2023-08-25T11:35:51.262Z","2023-09-30T06:28:10.236Z",1,"24-s","24-Small","https://6267da378bebcc375d98-9b001b570be5d98685e8e16041505a25.ssl.cf3.rackcdn.com/u2sVGiwulDA-InRynKQf.jpg||510x765;https://6267da378bebcc375d98-9b001b570be5d98685e8e16041505a25.ssl.cf3.rackcdn.com/UO9UV33QVnY-ckNXr9Nv.jpg||510x765;https://6267da378bebcc375d98-9b001b570be5d98685e8e16041505a25.ssl.cf3.rackcdn.com/YYbCqtTQS48-dC35pyHx.jpg||510x765;https://6267da378bebcc375d98-9b001b570be5d98685e8e16041505a25.ssl.cf3.rackcdn.com/2SOgSZ3XAx4-AYQw-97w.jpg||510x765;https://6267da378bebcc375d98-9b001b570be5d98685e8e16041505a25.ssl.cf3.rackcdn.com/BLc9-wVRxLU-QouJYIsx.jpg||510x794","USD 6900","black","Bold Italics","small"
,,,,,,,,,,,,,,,,,2,"24-m","24-Medium","https://6267da378bebcc375d98-9b001b570be5d98685e8e16041505a25.ssl.cf3.rackcdn.com/2SOgSZ3XAx4-jG61DyAG.jpg||510x765;https://6267da378bebcc375d98-9b001b570be5d98685e8e16041505a25.ssl.cf3.rackcdn.com/UO9UV33QVnY-rRpmBpA9.jpg||510x765;https://6267da378bebcc375d98-9b001b570be5d98685e8e16041505a25.ssl.cf3.rackcdn.com/YYbCqtTQS48-Gmjve-nB.jpg||510x765;https://6267da378bebcc375d98-9b001b570be5d98685e8e16041505a25.ssl.cf3.rackcdn.com/u2sVGiwulDA-H_LzYHf0.jpg||510x765;https://6267da378bebcc375d98-9b001b570be5d98685e8e16041505a25.ssl.cf3.rackcdn.com/BLc9-wVRxLU--qxYhN8K.jpg||510x794","USD 6900","black","Bold Italics","medium"
,,,,,,,,,,,,,,,,,3,"24-l","24-Large","https://6267da378bebcc375d98-9b001b570be5d98685e8e16041505a25.ssl.cf3.rackcdn.com/u2sVGiwulDA-qOhsIBaT.jpg||510x765;https://6267da378bebcc375d98-9b001b570be5d98685e8e16041505a25.ssl.cf3.rackcdn.com/UO9UV33QVnY-Tbt8fuhz.jpg||510x765;https://6267da378bebcc375d98-9b001b570be5d98685e8e16041505a25.ssl.cf3.rackcdn.com/BLc9-wVRxLU-bWGRgVOt.jpg||510x794;https://6267da378bebcc375d98-9b001b570be5d98685e8e16041505a25.ssl.cf3.rackcdn.com/YYbCqtTQS48-_OX5Q4xU.jpg||510x765;https://6267da378bebcc375d98-9b001b570be5d98685e8e16041505a25.ssl.cf3.rackcdn.com/2SOgSZ3XAx4-4ZE8Ohwb.jpg||510x765","USD 6900","black","Bold Italics","large"
"55d8bf24-dab7-4122-a19f-238a8fd65608","Clothes","","Pink sequin flounce dress","","Shine, surprise and conquer - in a dress with sequins! The flounced ruffles not only add volume to the hips, but also help to create a delicate and romantic look.","","","product-25","pink;sequin;flounces;mini;rhinestones;Bold-Italics","true","true","product-25","default-tax","Embedded","2023-08-25T11:42:38.144Z","2023-09-30T06:28:10.259Z",1,"25-s","25-Small","https://6267da378bebcc375d98-9b001b570be5d98685e8e16041505a25.ssl.cf3.rackcdn.com/JICNivUbf2w-C1JpvNvZ.jpg||510x765;https://6267da378bebcc375d98-9b001b570be5d98685e8e16041505a25.ssl.cf3.rackcdn.com/MOHygJG9a0I-P67CaSub.jpg||510x765;https://6267da378bebcc375d98-9b001b570be5d98685e8e16041505a25.ssl.cf3.rackcdn.com/40Y-cDWvAjo-Ji7HjF6b.jpg||510x765;https://6267da378bebcc375d98-9b001b570be5d98685e8e16041505a25.ssl.cf3.rackcdn.com/xrzTr4SSaAs-_Qnj-ZUM.jpg||510x765;https://6267da378bebcc375d98-9b001b570be5d98685e8e16041505a25.ssl.cf3.rackcdn.com/L5-1jioa6i4-pVQIp04b.jpg||510x765","USD 15200","pink","Bold Italics","small"
,,,,,,,,,,,,,,,,,2,"25-m","25-Medium","https://6267da378bebcc375d98-9b001b570be5d98685e8e16041505a25.ssl.cf3.rackcdn.com/MOHygJG9a0I-zaM5F4M0.jpg||510x765;https://6267da378bebcc375d98-9b001b570be5d98685e8e16041505a25.ssl.cf3.rackcdn.com/xrzTr4SSaAs-T50cyRlw.jpg||510x765;https://6267da378bebcc375d98-9b001b570be5d98685e8e16041505a25.ssl.cf3.rackcdn.com/L5-1jioa6i4-bXnOkOIr.jpg||510x765;https://6267da378bebcc375d98-9b001b570be5d98685e8e16041505a25.ssl.cf3.rackcdn.com/JICNivUbf2w-ks-SGr3N.jpg||510x765;https://6267da378bebcc375d98-9b001b570be5d98685e8e16041505a25.ssl.cf3.rackcdn.com/40Y-cDWvAjo-k6xYoWV_.jpg||510x765","USD 15200","pink","Bold Italics","medium"
,,,,,,,,,,,,,,,,,3,"25-l","25-Large","https://6267da378bebcc375d98-9b001b570be5d98685e8e16041505a25.ssl.cf3.rackcdn.com/JICNivUbf2w-vUsB4y2f.jpg||510x765;https://6267da378bebcc375d98-9b001b570be5d98685e8e16041505a25.ssl.cf3.rackcdn.com/MOHygJG9a0I-kNxwlmaV.jpg||510x765;https://6267da378bebcc375d98-9b001b570be5d98685e8e16041505a25.ssl.cf3.rackcdn.com/L5-1jioa6i4-GG34nRrm.jpg||510x765;https://6267da378bebcc375d98-9b001b570be5d98685e8e16041505a25.ssl.cf3.rackcdn.com/xrzTr4SSaAs-vtbzK7B4.jpg||510x765;https://6267da378bebcc375d98-9b001b570be5d98685e8e16041505a25.ssl.cf3.rackcdn.com/40Y-cDWvAjo-15XkMnS2.jpg||510x765","USD 15200","pink","Bold Italics","large"
"3b69867e-556d-402c-be82-f7efad116cc4","Clothes","","Mini black jumpsuit","","Shine, surprise and conquer - in a black jumpsuit! Elegant black color slims and helps you hide from bandits at night in the Russian countryside.","","","product-26","black;mini;Bold-Italics","true","true","product-26","default-tax","Embedded","2023-08-25T11:56:47.224Z","2023-09-30T06:28:10.242Z",1,"26-s","26-Small","https://6267da378bebcc375d98-9b001b570be5d98685e8e16041505a25.ssl.cf3.rackcdn.com/WeeJq0Gtoww-cGhnfL_f.jpg||510x765;https://6267da378bebcc375d98-9b001b570be5d98685e8e16041505a25.ssl.cf3.rackcdn.com/ph7_kspx1P0-J-rJ57XS.jpg||510x765;https://6267da378bebcc375d98-9b001b570be5d98685e8e16041505a25.ssl.cf3.rackcdn.com/BwdVetMLJPg-GvRn-fqK.jpg||510x765;https://6267da378bebcc375d98-9b001b570be5d98685e8e16041505a25.ssl.cf3.rackcdn.com/bv9u3XVdUQ8-Kdy2AXWk.jpg||510x765","USD 8710","black","Bold Italics","small"
,,,,,,,,,,,,,,,,,2,"26-m","26-Medium","https://6267da378bebcc375d98-9b001b570be5d98685e8e16041505a25.ssl.cf3.rackcdn.com/BwdVetMLJPg-cWa3fbtz.jpg||510x765;https://6267da378bebcc375d98-9b001b570be5d98685e8e16041505a25.ssl.cf3.rackcdn.com/bv9u3XVdUQ8-0SSTdQxg.jpg||510x765;https://6267da378bebcc375d98-9b001b570be5d98685e8e16041505a25.ssl.cf3.rackcdn.com/ph7_kspx1P0-dsNSNMZn.jpg||510x765;https://6267da378bebcc375d98-9b001b570be5d98685e8e16041505a25.ssl.cf3.rackcdn.com/WeeJq0Gtoww-UXq8yOxQ.jpg||510x765","USD 8710","black","Bold Italics","medium"
,,,,,,,,,,,,,,,,,3,"26-l","26-Large","https://6267da378bebcc375d98-9b001b570be5d98685e8e16041505a25.ssl.cf3.rackcdn.com/BwdVetMLJPg-waMssAee.jpg||510x765;https://6267da378bebcc375d98-9b001b570be5d98685e8e16041505a25.ssl.cf3.rackcdn.com/WeeJq0Gtoww-zHnTQ0Cy.jpg||510x765;https://6267da378bebcc375d98-9b001b570be5d98685e8e16041505a25.ssl.cf3.rackcdn.com/ph7_kspx1P0-IefYri4Q.jpg||510x765;https://6267da378bebcc375d98-9b001b570be5d98685e8e16041505a25.ssl.cf3.rackcdn.com/bv9u3XVdUQ8-rgfMInw8.jpg||510x765","USD 8710","black","Bold Italics","large"
"582abfec-7f9e-4b2c-b806-e14971d67e29","Clothes","","Bandage dress with straps and rhinestones on the leg","","White color is a timeless classic for all times! In this bandage dress with rhinestones you can become a real bride. Perfect shapes, deep neckline, seductive cut on the leg - many people want to get such a stunning outfit. Agree, minimalism has never been so beautiful.","","","product-22","white;long;rhinestones;chains;Bold-Italics","true","true","product-22","default-tax","Embedded","2023-08-25T11:21:54.306Z","2023-09-30T06:28:10.265Z",1,"22-s","22-Small","https://6267da378bebcc375d98-9b001b570be5d98685e8e16041505a25.ssl.cf3.rackcdn.com/cgbEoeK2er8-ZQg-vCEh.jpg||510x765;https://6267da378bebcc375d98-9b001b570be5d98685e8e16041505a25.ssl.cf3.rackcdn.com/iwHZIoWviBI-O30_vx5V.jpg||510x765;https://6267da378bebcc375d98-9b001b570be5d98685e8e16041505a25.ssl.cf3.rackcdn.com/bni20rHDBhQ-3bg-cfS7.jpg||510x765;https://6267da378bebcc375d98-9b001b570be5d98685e8e16041505a25.ssl.cf3.rackcdn.com/hhEmPOaBb54-gvUuAT4I.jpg||510x765;https://6267da378bebcc375d98-9b001b570be5d98685e8e16041505a25.ssl.cf3.rackcdn.com/Xo6DsHfF7jE-pymQ6bu_.jpg||510x722","USD 6900","white","Bold Italics","small"
,,,,,,,,,,,,,,,,,2,"22-m","22-Medium","https://6267da378bebcc375d98-9b001b570be5d98685e8e16041505a25.ssl.cf3.rackcdn.com/cgbEoeK2er8-fmXWL429.jpg||510x765;https://6267da378bebcc375d98-9b001b570be5d98685e8e16041505a25.ssl.cf3.rackcdn.com/bni20rHDBhQ-bZU55m2T.jpg||510x765;https://6267da378bebcc375d98-9b001b570be5d98685e8e16041505a25.ssl.cf3.rackcdn.com/Xo6DsHfF7jE-Pu4K5v_t.jpg||510x722;https://6267da378bebcc375d98-9b001b570be5d98685e8e16041505a25.ssl.cf3.rackcdn.com/hhEmPOaBb54-BboaOOC8.jpg||510x765;https://6267da378bebcc375d98-9b001b570be5d98685e8e16041505a25.ssl.cf3.rackcdn.com/iwHZIoWviBI-6a2IKy94.jpg||510x765","USD 6900","white","Bold Italics","medium"
,,,,,,,,,,,,,,,,,3,"22-l","22-Large","https://6267da378bebcc375d98-9b001b570be5d98685e8e16041505a25.ssl.cf3.rackcdn.com/Xo6DsHfF7jE-O7K7r61v.jpg||510x722;https://6267da378bebcc375d98-9b001b570be5d98685e8e16041505a25.ssl.cf3.rackcdn.com/hhEmPOaBb54-EWHUunhS.jpg||510x765;https://6267da378bebcc375d98-9b001b570be5d98685e8e16041505a25.ssl.cf3.rackcdn.com/iwHZIoWviBI-BHUpxs9u.jpg||510x765;https://6267da378bebcc375d98-9b001b570be5d98685e8e16041505a25.ssl.cf3.rackcdn.com/bni20rHDBhQ-kiZX7QRK.jpg||510x765;https://6267da378bebcc375d98-9b001b570be5d98685e8e16041505a25.ssl.cf3.rackcdn.com/cgbEoeK2er8-xlEAxYdF.jpg||510x765","USD 6900","white","Bold Italics","large"
"812f1c6c-eaf6-4c3b-a62a-9c1b9cc63230","Clothes","","Summer dress with flounces and neckline","","Airy summer dress with flounce sleeves and layered skirt will be a great option for a warm August evening. Cup corset, sleeve ties and lightweight material. A romantic look for a date or going out on the town - a versatile dress for every day.","","","product-6","flowers;white;flounces;HAQ-inc","true","true","product-6","default-tax","Embedded","2023-08-25T08:02:48.871Z","2023-09-30T06:28:10.243Z",1,"6-s","6-Small","https://6267da378bebcc375d98-9b001b570be5d98685e8e16041505a25.ssl.cf3.rackcdn.com/zZZuNlpTDwY-alxcES3B.jpg||510x765;https://6267da378bebcc375d98-9b001b570be5d98685e8e16041505a25.ssl.cf3.rackcdn.com/ip4SP_sdQWY-6QPsFucv.jpg||510x765;https://6267da378bebcc375d98-9b001b570be5d98685e8e16041505a25.ssl.cf3.rackcdn.com/7jOm6iOMBCA-YmKpHpY0.jpg||510x765;https://6267da378bebcc375d98-9b001b570be5d98685e8e16041505a25.ssl.cf3.rackcdn.com/O7CC8qj2QDg-PiEmqhNG.jpg||510x765","USD 5900","white","HAQ-inc","small"
,,,,,,,,,,,,,,,,,2,"6-m","6-Medium","https://6267da378bebcc375d98-9b001b570be5d98685e8e16041505a25.ssl.cf3.rackcdn.com/7jOm6iOMBCA-BbCmlL4P.jpg||510x765;https://6267da378bebcc375d98-9b001b570be5d98685e8e16041505a25.ssl.cf3.rackcdn.com/ip4SP_sdQWY-0soZM2yY.jpg||510x765;https://6267da378bebcc375d98-9b001b570be5d98685e8e16041505a25.ssl.cf3.rackcdn.com/O7CC8qj2QDg-yVaAR5Fm.jpg||510x765;https://6267da378bebcc375d98-9b001b570be5d98685e8e16041505a25.ssl.cf3.rackcdn.com/zZZuNlpTDwY-msRH7LcI.jpg||510x765","USD 5900","white","HAQ-inc","medium"
,,,,,,,,,,,,,,,,,3,"6-l","6-Large","https://6267da378bebcc375d98-9b001b570be5d98685e8e16041505a25.ssl.cf3.rackcdn.com/zZZuNlpTDwY-FwTBpXKL.jpg||510x765;https://6267da378bebcc375d98-9b001b570be5d98685e8e16041505a25.ssl.cf3.rackcdn.com/O7CC8qj2QDg-w48jRcXO.jpg||510x765;https://6267da378bebcc375d98-9b001b570be5d98685e8e16041505a25.ssl.cf3.rackcdn.com/7jOm6iOMBCA-fLUNWw-U.jpg||510x765;https://6267da378bebcc375d98-9b001b570be5d98685e8e16041505a25.ssl.cf3.rackcdn.com/ip4SP_sdQWY-wTOE9bWK.jpg||510x765","USD 5900","white","HAQ-inc","large"
"e3274180-d8ef-4240-ae6b-e37eff4a4014","Clothes","","Three-piece suit (top, jacket and shorts)","","The unique design of this elegant suit was personally developed by the popular Belarusian fashion designer Alexander Reznikov in collaboration with Ilya Bukhairov, the legendary director of the international computer corporation ""HAQ-solutions"". When you buy this suit you get an autograph of any of them as a gift - absolutely free!","","","product-17","black;short;mini;RS-fashion","true","true","product-17","default-tax","Embedded","2023-08-25T10:50:28.132Z","2023-09-30T06:28:10.242Z",1,"17-s","17-Small","https://6267da378bebcc375d98-9b001b570be5d98685e8e16041505a25.ssl.cf3.rackcdn.com/0wNxVYXXxLU-DRrj39O4.jpg||510x765;https://6267da378bebcc375d98-9b001b570be5d98685e8e16041505a25.ssl.cf3.rackcdn.com/oBHaVo4B-ZQ-QLYQQOM4.jpg||510x765;https://6267da378bebcc375d98-9b001b570be5d98685e8e16041505a25.ssl.cf3.rackcdn.com/wnm0LvZxWfw-ZFIb8G3R.jpg||510x765;https://6267da378bebcc375d98-9b001b570be5d98685e8e16041505a25.ssl.cf3.rackcdn.com/TB82FBCSxec-gSqVFIP-.jpg||510x765;https://6267da378bebcc375d98-9b001b570be5d98685e8e16041505a25.ssl.cf3.rackcdn.com/XBYeMsjcecg-vhuDbvkZ.jpg||510x765","USD 7500","black","RS-fashion","small"
,,,,,,,,,,,,,,,,,2,"17-m","17-Medium","https://6267da378bebcc375d98-9b001b570be5d98685e8e16041505a25.ssl.cf3.rackcdn.com/wnm0LvZxWfw-HZ9mgvWe.jpg||510x765;https://6267da378bebcc375d98-9b001b570be5d98685e8e16041505a25.ssl.cf3.rackcdn.com/oBHaVo4B-ZQ-80kb8im8.jpg||510x765;https://6267da378bebcc375d98-9b001b570be5d98685e8e16041505a25.ssl.cf3.rackcdn.com/0wNxVYXXxLU-K12fzLOz.jpg||510x765;https://6267da378bebcc375d98-9b001b570be5d98685e8e16041505a25.ssl.cf3.rackcdn.com/TB82FBCSxec-Tku4kuDb.jpg||510x765;https://6267da378bebcc375d98-9b001b570be5d98685e8e16041505a25.ssl.cf3.rackcdn.com/XBYeMsjcecg-1s-mol4O.jpg||510x765","USD 7500","black","RS-fashion","medium"
,,,,,,,,,,,,,,,,,3,"17-l","17-Large","https://6267da378bebcc375d98-9b001b570be5d98685e8e16041505a25.ssl.cf3.rackcdn.com/wnm0LvZxWfw-z-xNQTDc.jpg||510x765;https://6267da378bebcc375d98-9b001b570be5d98685e8e16041505a25.ssl.cf3.rackcdn.com/TB82FBCSxec-q3JcpRdL.jpg||510x765;https://6267da378bebcc375d98-9b001b570be5d98685e8e16041505a25.ssl.cf3.rackcdn.com/oBHaVo4B-ZQ-70PFteRf.jpg||510x765;https://6267da378bebcc375d98-9b001b570be5d98685e8e16041505a25.ssl.cf3.rackcdn.com/0wNxVYXXxLU-VLVvyYg9.jpg||510x765;https://6267da378bebcc375d98-9b001b570be5d98685e8e16041505a25.ssl.cf3.rackcdn.com/XBYeMsjcecg-0yOFUjJM.jpg||510x765","USD 7500","black","RS-fashion","large"
"15d950c0-c6c8-4d4a-bd9d-320d0a9592e7","Clothes","","Black sun dress with lantern sleeve and neckline","","This short dress with a sun skirt is suitable for both a romantic evening and an evening stroll along the canals. Flared skirt, fitted silhouette, voluminous lantern sleeves - everyone dreams of such a princess dress. It's easy to create your own delicate and romantic image.

Why would anyone want the sun in Monaco when the sun is already on you?","","","product-16","black;buttons;midi;RS-fashion","true","true","product-16","default-tax","Embedded","2023-08-25T10:39:41.005Z","2023-09-30T06:28:10.266Z",1,"16-s","16-Small","https://6267da378bebcc375d98-9b001b570be5d98685e8e16041505a25.ssl.cf3.rackcdn.com/9gzNgKWahm8-BXgva1P_.jpg||510x765;https://6267da378bebcc375d98-9b001b570be5d98685e8e16041505a25.ssl.cf3.rackcdn.com/sRafV2XzuNM-NFvgxATe.jpg||510x765;https://6267da378bebcc375d98-9b001b570be5d98685e8e16041505a25.ssl.cf3.rackcdn.com/ewrUvnK2dFA-hnpSelhR.jpg||510x765;https://6267da378bebcc375d98-9b001b570be5d98685e8e16041505a25.ssl.cf3.rackcdn.com/tpU0lfMqh4U-AJqNYdWd.jpg||510x765;https://6267da378bebcc375d98-9b001b570be5d98685e8e16041505a25.ssl.cf3.rackcdn.com/BOeEqA0W7Nc-QxwwQ5jW.jpg||510x637","USD 5900","black","RS-fashion","small"
,,,,,,,,,,,,,,,,,2,"16-m","16-Medium","https://6267da378bebcc375d98-9b001b570be5d98685e8e16041505a25.ssl.cf3.rackcdn.com/BOeEqA0W7Nc-_W4eOpy6.jpg||510x637;https://6267da378bebcc375d98-9b001b570be5d98685e8e16041505a25.ssl.cf3.rackcdn.com/9gzNgKWahm8-1CkWW0gf.jpg||510x765;https://6267da378bebcc375d98-9b001b570be5d98685e8e16041505a25.ssl.cf3.rackcdn.com/sRafV2XzuNM-GIj-v42-.jpg||510x765;https://6267da378bebcc375d98-9b001b570be5d98685e8e16041505a25.ssl.cf3.rackcdn.com/tpU0lfMqh4U-RZt8-6PS.jpg||510x765;https://6267da378bebcc375d98-9b001b570be5d98685e8e16041505a25.ssl.cf3.rackcdn.com/ewrUvnK2dFA-9iLAVJCG.jpg||510x765","USD 5900","black","RS-fashion","medium"
,,,,,,,,,,,,,,,,,3,"16-l","16-Large","https://6267da378bebcc375d98-9b001b570be5d98685e8e16041505a25.ssl.cf3.rackcdn.com/BOeEqA0W7Nc-zUUhy0be.jpg||510x637;https://6267da378bebcc375d98-9b001b570be5d98685e8e16041505a25.ssl.cf3.rackcdn.com/ewrUvnK2dFA-u54sVkbu.jpg||510x765;https://6267da378bebcc375d98-9b001b570be5d98685e8e16041505a25.ssl.cf3.rackcdn.com/9gzNgKWahm8-JjlJyKYP.jpg||510x765;https://6267da378bebcc375d98-9b001b570be5d98685e8e16041505a25.ssl.cf3.rackcdn.com/tpU0lfMqh4U-S9Pru9A0.jpg||510x765;https://6267da378bebcc375d98-9b001b570be5d98685e8e16041505a25.ssl.cf3.rackcdn.com/sRafV2XzuNM-plevH3-z.jpg||510x765","USD 5900","black","RS-fashion","large"
"c705c5ce-70f0-404d-bfdf-45057616f62f","Clothes","","Bandage mini dress with round neck embellishment","","Bandage dress is sewn from elastic fabric, which tightly fits the figure. This model helps to correct the silhouette and bring it closer to perfection. No vulgarity, only beautiful curves and rapturous looks.

Shortened model emphasizes the beauty of women's legs, and a bright decoration on the neck attracts everyone's attention.","","","product-4","rhinestones;black;mini;HAQ-inc","true","true","product-4","default-tax","Embedded","2023-08-25T07:50:16.883Z","2023-09-30T06:28:10.281Z",1,"4-s","4-Small","https://6267da378bebcc375d98-9b001b570be5d98685e8e16041505a25.ssl.cf3.rackcdn.com/PYsVqyyCEX0-YXuIVJgs.jpg||510x765;https://6267da378bebcc375d98-9b001b570be5d98685e8e16041505a25.ssl.cf3.rackcdn.com/siWh-zF8EoU-8EWvoTjr.jpg||510x765;https://6267da378bebcc375d98-9b001b570be5d98685e8e16041505a25.ssl.cf3.rackcdn.com/jgLg6rzyVlI-L1lTXmLI.jpg||510x765;https://6267da378bebcc375d98-9b001b570be5d98685e8e16041505a25.ssl.cf3.rackcdn.com/HNcQlx77Bak-VFN6nAzk.jpg||510x765;https://6267da378bebcc375d98-9b001b570be5d98685e8e16041505a25.ssl.cf3.rackcdn.com/oEYmOJ1UHEo-GrotCXgS.jpg||510x765","USD 6600","black","HAQ-inc","small"
,,,,,,,,,,,,,,,,,2,"4-m","4-Medium","https://6267da378bebcc375d98-9b001b570be5d98685e8e16041505a25.ssl.cf3.rackcdn.com/HNcQlx77Bak-d5Lajbsw.jpg||510x765;https://6267da378bebcc375d98-9b001b570be5d98685e8e16041505a25.ssl.cf3.rackcdn.com/PYsVqyyCEX0-TPNZniMK.jpg||510x765;https://6267da378bebcc375d98-9b001b570be5d98685e8e16041505a25.ssl.cf3.rackcdn.com/oEYmOJ1UHEo-BVC7MCTZ.jpg||510x765;https://6267da378bebcc375d98-9b001b570be5d98685e8e16041505a25.ssl.cf3.rackcdn.com/siWh-zF8EoU-Wh07PMo0.jpg||510x765;https://6267da378bebcc375d98-9b001b570be5d98685e8e16041505a25.ssl.cf3.rackcdn.com/jgLg6rzyVlI-r1q1Uy-p.jpg||510x765","USD 6600","black","HAQ-inc","medium"
,,,,,,,,,,,,,,,,,3,"4-l","4-Large","https://6267da378bebcc375d98-9b001b570be5d98685e8e16041505a25.ssl.cf3.rackcdn.com/oEYmOJ1UHEo-MPacr6E7.jpg||510x765;https://6267da378bebcc375d98-9b001b570be5d98685e8e16041505a25.ssl.cf3.rackcdn.com/siWh-zF8EoU-F0d8jyDS.jpg||510x765;https://6267da378bebcc375d98-9b001b570be5d98685e8e16041505a25.ssl.cf3.rackcdn.com/HNcQlx77Bak-UCYqPIL8.jpg||510x765;https://6267da378bebcc375d98-9b001b570be5d98685e8e16041505a25.ssl.cf3.rackcdn.com/jgLg6rzyVlI-K9NeSMsc.jpg||510x765;https://6267da378bebcc375d98-9b001b570be5d98685e8e16041505a25.ssl.cf3.rackcdn.com/PYsVqyyCEX0-XjenynDq.jpg||510x765","USD 6600","black","HAQ-inc","large"
"3c641dd0-75c2-4961-9202-9095b242a861","Clothes","","Bandage dress with beads on the shoulders ","","White dress can decorate any girl and emphasize her femininity. Bandage material will hide any figure flaws, and beads on the shoulders will add brightness to the classic image.","","","product-18","midi;white;chains;rhinestones;RS-fashion","true","true","product-18","default-tax","Embedded","2023-08-25T10:57:08.862Z","2023-09-30T06:28:10.291Z",1,"18-s","18-Small","https://6267da378bebcc375d98-9b001b570be5d98685e8e16041505a25.ssl.cf3.rackcdn.com/71c5zK1aRDE-SZCJGE-L.jpg||510x765;https://6267da378bebcc375d98-9b001b570be5d98685e8e16041505a25.ssl.cf3.rackcdn.com/_jOVNzUvrSE-r7cJUKH1.jpg||510x765;https://6267da378bebcc375d98-9b001b570be5d98685e8e16041505a25.ssl.cf3.rackcdn.com/T0CoFsXaVzI-Krwi6M1s.jpg||510x765;https://6267da378bebcc375d98-9b001b570be5d98685e8e16041505a25.ssl.cf3.rackcdn.com/QSnWEOHhqO0-foGDDcO6.jpg||510x765;https://6267da378bebcc375d98-9b001b570be5d98685e8e16041505a25.ssl.cf3.rackcdn.com/sl26vp4TSCg-yMqhJ4RA.jpg||510x765","USD 6200","white","RS-fashion","small"
,,,,,,,,,,,,,,,,,2,"18-m","18-Medium","https://6267da378bebcc375d98-9b001b570be5d98685e8e16041505a25.ssl.cf3.rackcdn.com/QSnWEOHhqO0-K07cxJT7.jpg||510x765;https://6267da378bebcc375d98-9b001b570be5d98685e8e16041505a25.ssl.cf3.rackcdn.com/71c5zK1aRDE-_elw9Pm2.jpg||510x765;https://6267da378bebcc375d98-9b001b570be5d98685e8e16041505a25.ssl.cf3.rackcdn.com/T0CoFsXaVzI-XxtveY_r.jpg||510x765;https://6267da378bebcc375d98-9b001b570be5d98685e8e16041505a25.ssl.cf3.rackcdn.com/sl26vp4TSCg-frZQN_Jy.jpg||510x765;https://6267da378bebcc375d98-9b001b570be5d98685e8e16041505a25.ssl.cf3.rackcdn.com/_jOVNzUvrSE-oxEMOIbW.jpg||510x765","USD 6200","white","RS-fashion","medium"
,,,,,,,,,,,,,,,,,3,"18-l","18-Large","https://6267da378bebcc375d98-9b001b570be5d98685e8e16041505a25.ssl.cf3.rackcdn.com/T0CoFsXaVzI-sYloGGzF.jpg||510x765;https://6267da378bebcc375d98-9b001b570be5d98685e8e16041505a25.ssl.cf3.rackcdn.com/71c5zK1aRDE-gldOyE69.jpg||510x765;https://6267da378bebcc375d98-9b001b570be5d98685e8e16041505a25.ssl.cf3.rackcdn.com/sl26vp4TSCg-tK19MnlG.jpg||510x765;https://6267da378bebcc375d98-9b001b570be5d98685e8e16041505a25.ssl.cf3.rackcdn.com/QSnWEOHhqO0-sm4gQJ_G.jpg||510x765;https://6267da378bebcc375d98-9b001b570be5d98685e8e16041505a25.ssl.cf3.rackcdn.com/_jOVNzUvrSE-tCKTFKYD.jpg||510x765","USD 6200","white","RS-fashion","large"
"0f690c30-d454-4a70-bdec-929eea2e9986","Clothes","","Black lantern sleeve satin dress","","A satin dress is always a winning option for any occasion. Shortened model with closed neckline is suitable for office, date and walk. Such material perfectly holds its shape, lets air pass through, does not electrify and does not wear out for a long time.

The advantages of the model include lantern sleeves, buttons instead of fasteners and fitted silhouette. All these details give the image of tenderness and romanticism","","","product-13","black;midi;RS-fashion","true","true","product-13","default-tax","Embedded","2023-08-25T08:48:31.852Z","2023-09-30T06:28:10.280Z",1,"13-s","13-Small","https://6267da378bebcc375d98-9b001b570be5d98685e8e16041505a25.ssl.cf3.rackcdn.com/oTd2L9RPeNc-6_nYLUAq.jpg||424x637;https://6267da378bebcc375d98-9b001b570be5d98685e8e16041505a25.ssl.cf3.rackcdn.com/JHNzk7C5gaI-_VirqYvd.jpg||510x637;https://6267da378bebcc375d98-9b001b570be5d98685e8e16041505a25.ssl.cf3.rackcdn.com/eV9dVEvr9SI-Ks5xHIbl.jpg||510x637;https://6267da378bebcc375d98-9b001b570be5d98685e8e16041505a25.ssl.cf3.rackcdn.com/EFx1r9thw94-Hblw8ecV.jpg||510x637;https://6267da378bebcc375d98-9b001b570be5d98685e8e16041505a25.ssl.cf3.rackcdn.com/BikAqcTD01c-2-gT8wP4.jpg||510x637","USD 5900","black","RS-fashion","small"
,,,,,,,,,,,,,,,,,2,"13-m","13-Medium","https://6267da378bebcc375d98-9b001b570be5d98685e8e16041505a25.ssl.cf3.rackcdn.com/eV9dVEvr9SI--ztKO-0K.jpg||510x637;https://6267da378bebcc375d98-9b001b570be5d98685e8e16041505a25.ssl.cf3.rackcdn.com/BikAqcTD01c-xslDKXvI.jpg||510x637;https://6267da378bebcc375d98-9b001b570be5d98685e8e16041505a25.ssl.cf3.rackcdn.com/EFx1r9thw94-dSo4ZOSM.jpg||510x637;https://6267da378bebcc375d98-9b001b570be5d98685e8e16041505a25.ssl.cf3.rackcdn.com/oTd2L9RPeNc-eB8s6Nd6.jpg||510x637;https://6267da378bebcc375d98-9b001b570be5d98685e8e16041505a25.ssl.cf3.rackcdn.com/JHNzk7C5gaI-41FQCvPK.jpg||510x637","USD 5900","black","RS-fashion","medium"
,,,,,,,,,,,,,,,,,3,"13-l","13-Large","https://6267da378bebcc375d98-9b001b570be5d98685e8e16041505a25.ssl.cf3.rackcdn.com/EFx1r9thw94-IywgWqc7.jpg||510x637;https://6267da378bebcc375d98-9b001b570be5d98685e8e16041505a25.ssl.cf3.rackcdn.com/eV9dVEvr9SI-9loChM4S.jpg||510x637;https://6267da378bebcc375d98-9b001b570be5d98685e8e16041505a25.ssl.cf3.rackcdn.com/BikAqcTD01c-EfP99ZJu.jpg||510x637;https://6267da378bebcc375d98-9b001b570be5d98685e8e16041505a25.ssl.cf3.rackcdn.com/JHNzk7C5gaI-Y8HR5ZrF.jpg||510x637;https://6267da378bebcc375d98-9b001b570be5d98685e8e16041505a25.ssl.cf3.rackcdn.com/oTd2L9RPeNc-rsNnYZ-Y.jpg||510x637","USD 5900","black","RS-fashion","large"
"3206ed63-6dac-4874-b750-3bffdd4593f8","Clothes","","Classic dress with puffy skirt","","Puffy skirt always adds femininity and romanticism to the image. For some people this dress will be a real find, because this model visually narrows the waist and adds volume to the hips. Emphasize your sexiness!","","","product-20","white;black;mini;lace;straps;Bold-Italics","true","true","product-20","default-tax","Embedded","2023-08-25T11:08:34.080Z","2023-09-30T06:28:10.285Z",1,"20-s","20-Small","https://6267da378bebcc375d98-9b001b570be5d98685e8e16041505a25.ssl.cf3.rackcdn.com/3JimytlNzfY-UbBV4Sg0.jpg||510x765;https://6267da378bebcc375d98-9b001b570be5d98685e8e16041505a25.ssl.cf3.rackcdn.com/QaH1guAiDfQ-PFdPC5vy.jpg||510x765;https://6267da378bebcc375d98-9b001b570be5d98685e8e16041505a25.ssl.cf3.rackcdn.com/KzWSLrMCBdI-Ib4a5CKo.jpg||510x765;https://6267da378bebcc375d98-9b001b570be5d98685e8e16041505a25.ssl.cf3.rackcdn.com/5hmvpzlNRmY-IoNKRWVm.jpg||510x765;https://6267da378bebcc375d98-9b001b570be5d98685e8e16041505a25.ssl.cf3.rackcdn.com/CDeCOn_hhBQ-oM3GZdSp.jpg||510x765","USD 6800","black","Bold Italics","small"
,,,,,,,,,,,,,,,,,2,"20-m","20-Medium","https://6267da378bebcc375d98-9b001b570be5d98685e8e16041505a25.ssl.cf3.rackcdn.com/CDeCOn_hhBQ-AtnjpV1p.jpg||510x765;https://6267da378bebcc375d98-9b001b570be5d98685e8e16041505a25.ssl.cf3.rackcdn.com/3JimytlNzfY-xzvQ0ikP.jpg||510x765;https://6267da378bebcc375d98-9b001b570be5d98685e8e16041505a25.ssl.cf3.rackcdn.com/5hmvpzlNRmY-POUR6wC7.jpg||510x765;https://6267da378bebcc375d98-9b001b570be5d98685e8e16041505a25.ssl.cf3.rackcdn.com/KzWSLrMCBdI-sE-SGFBV.jpg||510x765;https://6267da378bebcc375d98-9b001b570be5d98685e8e16041505a25.ssl.cf3.rackcdn.com/QaH1guAiDfQ-OIscHEnT.jpg||510x765","USD 6800","black","Bold Italics","medium"
,,,,,,,,,,,,,,,,,3,"20-l","20-Large","https://6267da378bebcc375d98-9b001b570be5d98685e8e16041505a25.ssl.cf3.rackcdn.com/3JimytlNzfY-FBwrzvU0.jpg||510x765;https://6267da378bebcc375d98-9b001b570be5d98685e8e16041505a25.ssl.cf3.rackcdn.com/5hmvpzlNRmY-bn0mIdoY.jpg||510x765;https://6267da378bebcc375d98-9b001b570be5d98685e8e16041505a25.ssl.cf3.rackcdn.com/KzWSLrMCBdI-BaKSAFXF.jpg||510x765;https://6267da378bebcc375d98-9b001b570be5d98685e8e16041505a25.ssl.cf3.rackcdn.com/CDeCOn_hhBQ-uEIk6-re.jpg||510x765;https://6267da378bebcc375d98-9b001b570be5d98685e8e16041505a25.ssl.cf3.rackcdn.com/QaH1guAiDfQ-bBrbBfJw.jpg||510x765","USD 6800","black","Bold Italics","large"
"2ee82348-d726-4085-892c-d4d5bcf1cf56","Clothes","","Classic jacket","","Insulated jacket will warm a tender girl's heart in harsh Siberian winter and soft Australian summer. The softest down from the sirloin of Scottish goats is fermented in violet extract, which gives the suit a unique flavor and freshness of alpine meadows","","","product-21","blue;classic;Bold-Italics","true","true","product-21","default-tax","Embedded","2023-08-25T11:15:59.634Z","2023-09-30T06:28:10.284Z",1,"21-s","21-Small","https://6267da378bebcc375d98-9b001b570be5d98685e8e16041505a25.ssl.cf3.rackcdn.com/thgNdO1llFQ-HEJ3D9Go.jpg||510x765;https://6267da378bebcc375d98-9b001b570be5d98685e8e16041505a25.ssl.cf3.rackcdn.com/zMfcnr5z7lQ-wfC8D7tR.jpg||510x765;https://6267da378bebcc375d98-9b001b570be5d98685e8e16041505a25.ssl.cf3.rackcdn.com/du-oEV_yGQI-3hec0Jxr.jpg||510x765","USD 7500","blue","Bold Italics","small"
,,,,,,,,,,,,,,,,,2,"21-m","21-Medium","https://6267da378bebcc375d98-9b001b570be5d98685e8e16041505a25.ssl.cf3.rackcdn.com/du-oEV_yGQI-yqSwBzgb.jpg||510x765;https://6267da378bebcc375d98-9b001b570be5d98685e8e16041505a25.ssl.cf3.rackcdn.com/zMfcnr5z7lQ-v53OgJcK.jpg||510x765;https://6267da378bebcc375d98-9b001b570be5d98685e8e16041505a25.ssl.cf3.rackcdn.com/thgNdO1llFQ-co9UXWWk.jpg||510x765","USD 7500","blue","Bold Italics","medium"
,,,,,,,,,,,,,,,,,3,"21-l","21-Large","https://6267da378bebcc375d98-9b001b570be5d98685e8e16041505a25.ssl.cf3.rackcdn.com/du-oEV_yGQI-f6DeFPWV.jpg||510x765;https://6267da378bebcc375d98-9b001b570be5d98685e8e16041505a25.ssl.cf3.rackcdn.com/thgNdO1llFQ-OdAvfpse.jpg||510x765;https://6267da378bebcc375d98-9b001b570be5d98685e8e16041505a25.ssl.cf3.rackcdn.com/zMfcnr5z7lQ-Uwf_QeDF.jpg||510x765","USD 7500","blue","Bold Italics","large"
"a8af06bc-4f3b-4a86-b487-1a836cfe68a4","Clothes","","Lurex dress with open back in pink","","Pink dress with open back will gather all the admiring glances. Shiny and bright, but at the same time restrained and elegant dress for the evening. The model is made of dense bandage fabric, which does not restrain movements and helps to correct the figure.","","","product-27","pink;midi;Bold-Italics","true","true","product-27",,"Embedded","2023-08-25T12:00:52.949Z","2023-09-30T06:28:10.291Z",1,"27-s","27-Small","https://6267da378bebcc375d98-9b001b570be5d98685e8e16041505a25.ssl.cf3.rackcdn.com/z63gjDwfAcY-Hl_QYuuH.jpg||510x766;https://6267da378bebcc375d98-9b001b570be5d98685e8e16041505a25.ssl.cf3.rackcdn.com/QqPT3dLQ5t4-iP87ZPC1.jpg||510x766;https://6267da378bebcc375d98-9b001b570be5d98685e8e16041505a25.ssl.cf3.rackcdn.com/xqQyZr5YGcw-MYZfwU5-.jpg||510x766","USD 8450","pink","Bold Italics","small"
,,,,,,,,,,,,,,,,,2,"27-m","27-Medium","https://6267da378bebcc375d98-9b001b570be5d98685e8e16041505a25.ssl.cf3.rackcdn.com/z63gjDwfAcY-VB_NTYZ2.jpg||510x766;https://6267da378bebcc375d98-9b001b570be5d98685e8e16041505a25.ssl.cf3.rackcdn.com/QqPT3dLQ5t4-uWRfe89-.jpg||510x766;https://6267da378bebcc375d98-9b001b570be5d98685e8e16041505a25.ssl.cf3.rackcdn.com/xqQyZr5YGcw-huXpUAxh.jpg||510x766","USD 8450","pink","Bold Italics","medium"
,,,,,,,,,,,,,,,,,3,"27-l","27-Large","https://6267da378bebcc375d98-9b001b570be5d98685e8e16041505a25.ssl.cf3.rackcdn.com/QqPT3dLQ5t4-_rsadJry.jpg||510x766;https://6267da378bebcc375d98-9b001b570be5d98685e8e16041505a25.ssl.cf3.rackcdn.com/xqQyZr5YGcw-FU76ftpB.jpg||510x766;https://6267da378bebcc375d98-9b001b570be5d98685e8e16041505a25.ssl.cf3.rackcdn.com/z63gjDwfAcY-3dCSp5Ee.jpg||510x766","USD 8450","pink","Bold Italics","large"
"59455457-4cb1-4189-9967-d2ce4ce48c26","Clothes","","Cotton everyday shirt with high collar","","This stunning alpine cotton shirt feels like it's asking you to put it on - it's been lovingly woven for just that. The unique weave of the threads allows your skin to breathe, while the fabric's water-repellent properties reduce perspiration. The dark color of the product increases its resistance to stains, and the low price is just a nice bonus.","","","product-29","shirt;male;blue;collar","true","true","product-29","default-tax","Embedded","2023-09-03T21:54:29.462Z","2023-09-30T06:28:10.310Z",1,"29-s","29-Small","https://6267da378bebcc375d98-9b001b570be5d98685e8e16041505a25.ssl.cf3.rackcdn.com/uPgtgZbvJ_Y-jeBf7Uu9.jpg||510x765;https://6267da378bebcc375d98-9b001b570be5d98685e8e16041505a25.ssl.cf3.rackcdn.com/Cwb9CvGW7SQ-WtZvUAW5.jpg||510x765;https://6267da378bebcc375d98-9b001b570be5d98685e8e16041505a25.ssl.cf3.rackcdn.com/xGm9boCQOs0-RD5dN3Wp.jpg||510x765","USD 3000","blue","RS-fashion","small"
,,,,,,,,,,,,,,,,,2,"29-m","29-Medium","https://6267da378bebcc375d98-9b001b570be5d98685e8e16041505a25.ssl.cf3.rackcdn.com/Cwb9CvGW7SQ-S9w0nC0W.jpg||510x765;https://6267da378bebcc375d98-9b001b570be5d98685e8e16041505a25.ssl.cf3.rackcdn.com/xGm9boCQOs0-oFCj06sd.jpg||510x765;https://6267da378bebcc375d98-9b001b570be5d98685e8e16041505a25.ssl.cf3.rackcdn.com/uPgtgZbvJ_Y-chvJGpFr.jpg||510x765","USD 3000","blue","RS-fashion","medium"
,,,,,,,,,,,,,,,,,3,"29-l","29-Large","https://6267da378bebcc375d98-9b001b570be5d98685e8e16041505a25.ssl.cf3.rackcdn.com/xGm9boCQOs0-P_fMNvvk.jpg||510x765;https://6267da378bebcc375d98-9b001b570be5d98685e8e16041505a25.ssl.cf3.rackcdn.com/Cwb9CvGW7SQ-Y-H6u2vY.jpg||510x765;https://6267da378bebcc375d98-9b001b570be5d98685e8e16041505a25.ssl.cf3.rackcdn.com/uPgtgZbvJ_Y-PeXiQp5S.jpg||510x765","USD 3000","blue","RS-fashion","large"
"6ba1a19f-b62f-4c8e-b155-41f9fcd862d9","Clothes","","Cotton suit (top and skirt)","","Open suit of top and skirt will be a great option of summer look for every day.
The top is buttoned and the sleeves are made in the form of flounces - so romantic and feminine. The skirt with lace creates a layered effect, which adds volume to the hips.","","","product-12","white;short;RS-fashion","true","true","product-12","default-tax","Embedded","2023-08-25T08:42:53.372Z","2023-09-30T06:28:10.298Z",1,"12-s","12-Small","https://6267da378bebcc375d98-9b001b570be5d98685e8e16041505a25.ssl.cf3.rackcdn.com/EGJ0wW3Ew18-iHlPAuoc.jpg||510x765;https://6267da378bebcc375d98-9b001b570be5d98685e8e16041505a25.ssl.cf3.rackcdn.com/-GcaISKBpSc-h3G4qfEp.jpg||510x637;https://6267da378bebcc375d98-9b001b570be5d98685e8e16041505a25.ssl.cf3.rackcdn.com/WGGav70T9qY-6-o726nn.jpg||510x765;https://6267da378bebcc375d98-9b001b570be5d98685e8e16041505a25.ssl.cf3.rackcdn.com/3C18zBK5tik-n0sRemLP.jpg||510x765","USD 5300","white","RS-fashion","small"
,,,,,,,,,,,,,,,,,2,"12-m","12-Medium","https://6267da378bebcc375d98-9b001b570be5d98685e8e16041505a25.ssl.cf3.rackcdn.com/-GcaISKBpSc-xqgUV1sS.jpg||510x637;https://6267da378bebcc375d98-9b001b570be5d98685e8e16041505a25.ssl.cf3.rackcdn.com/WGGav70T9qY-TwRBPZKo.jpg||510x765;https://6267da378bebcc375d98-9b001b570be5d98685e8e16041505a25.ssl.cf3.rackcdn.com/EGJ0wW3Ew18-zovslL9j.jpg||510x765;https://6267da378bebcc375d98-9b001b570be5d98685e8e16041505a25.ssl.cf3.rackcdn.com/3C18zBK5tik-0H-us0Ik.jpg||510x765","USD 5300","white","RS-fashion","medium"
,,,,,,,,,,,,,,,,,3,"12-l","12-Large","https://6267da378bebcc375d98-9b001b570be5d98685e8e16041505a25.ssl.cf3.rackcdn.com/-GcaISKBpSc-NeVKkKbN.jpg||510x637;https://6267da378bebcc375d98-9b001b570be5d98685e8e16041505a25.ssl.cf3.rackcdn.com/EGJ0wW3Ew18-ElAQbCjz.jpg||510x765;https://6267da378bebcc375d98-9b001b570be5d98685e8e16041505a25.ssl.cf3.rackcdn.com/WGGav70T9qY-Pn3vydu6.jpg||510x765;https://6267da378bebcc375d98-9b001b570be5d98685e8e16041505a25.ssl.cf3.rackcdn.com/3C18zBK5tik-I5mctiFE.jpg||510x765","USD 5300","white","RS-fashion","large"
"9bd203f8-8854-4992-aa94-e72e339f7d63","Clothes","","Checkered men's linen pants","","Comfort and style are the perfect combination for the modern fashionista! The checkered patterns on your pants will emphasize your intelligence and will be an aid to your work. Colleagues will be envious and admirers will sigh after you - just try wearing them on any, even the rainiest day.","","","product-30","trousers;pants;male;blue","true","true","product-30","default-tax","Embedded","2023-09-03T22:02:04.987Z","2023-09-30T06:28:10.302Z",1,"30-s","30-Small","https://6267da378bebcc375d98-9b001b570be5d98685e8e16041505a25.ssl.cf3.rackcdn.com/OFiIou0BG7c-FoN40srL.jpg||510x765;https://6267da378bebcc375d98-9b001b570be5d98685e8e16041505a25.ssl.cf3.rackcdn.com/xHNanM3s1tQ-DIqibVpw.jpg||510x765;https://6267da378bebcc375d98-9b001b570be5d98685e8e16041505a25.ssl.cf3.rackcdn.com/CbJLc-1cfBs-A09IV45-.jpg||510x765","USD 6600","blue","Bold Italics","small"
,,,,,,,,,,,,,,,,,2,"30-m","30-Medium","https://6267da378bebcc375d98-9b001b570be5d98685e8e16041505a25.ssl.cf3.rackcdn.com/xHNanM3s1tQ-SjRD-kmF.jpg||510x765;https://6267da378bebcc375d98-9b001b570be5d98685e8e16041505a25.ssl.cf3.rackcdn.com/OFiIou0BG7c-BkY8pqTZ.jpg||510x765;https://6267da378bebcc375d98-9b001b570be5d98685e8e16041505a25.ssl.cf3.rackcdn.com/CbJLc-1cfBs-iRUNAJ4s.jpg||510x765","USD 6600","blue","Bold Italics","medium"
,,,,,,,,,,,,,,,,,3,"30-l","30-Large","https://6267da378bebcc375d98-9b001b570be5d98685e8e16041505a25.ssl.cf3.rackcdn.com/OFiIou0BG7c-CkyLjp3u.jpg||510x765;https://6267da378bebcc375d98-9b001b570be5d98685e8e16041505a25.ssl.cf3.rackcdn.com/CbJLc-1cfBs-09vEHEcJ.jpg||510x765;https://6267da378bebcc375d98-9b001b570be5d98685e8e16041505a25.ssl.cf3.rackcdn.com/xHNanM3s1tQ--J2kT4P3.jpg||510x765","USD 6600","blue","Bold Italics","large"
"68ef5b33-7dac-469a-86e4-111f9d7e4eb4","Clothes","","White polka-dot mini dress","","The polka-dot dress has already won many women's hearts! Shortened model on the smell will perfectly emphasize the figure, and V-neckline will add elegance to your image. Such an outfit will make summer especially attractive.","","","product-5","white;mini;dotted;HAQ-inc","true","true","product-5","default-tax","Embedded","2023-08-25T07:57:37.495Z","2023-09-30T06:28:10.315Z",1,"5-s","5-Small","https://6267da378bebcc375d98-9b001b570be5d98685e8e16041505a25.ssl.cf3.rackcdn.com/OxCs9rq4u2E-Asu7SZmu.jpg||510x765;https://6267da378bebcc375d98-9b001b570be5d98685e8e16041505a25.ssl.cf3.rackcdn.com/vTcyMRPL3_A-36QLCs8j.jpg||510x765;https://6267da378bebcc375d98-9b001b570be5d98685e8e16041505a25.ssl.cf3.rackcdn.com/7lotdFjGzzQ-wHdEWxVN.jpg||510x765;https://6267da378bebcc375d98-9b001b570be5d98685e8e16041505a25.ssl.cf3.rackcdn.com/dDa7tfuiZEs-ixLySdqT.jpg||510x680","USD 4900","white","HAQ-inc","small"
,,,,,,,,,,,,,,,,,2,"5-m","5-Medium","https://6267da378bebcc375d98-9b001b570be5d98685e8e16041505a25.ssl.cf3.rackcdn.com/dDa7tfuiZEs-6sNRjp80.jpg||510x680;https://6267da378bebcc375d98-9b001b570be5d98685e8e16041505a25.ssl.cf3.rackcdn.com/vTcyMRPL3_A-2koV9cZn.jpg||510x765;https://6267da378bebcc375d98-9b001b570be5d98685e8e16041505a25.ssl.cf3.rackcdn.com/7lotdFjGzzQ-Tjn7kl0e.jpg||510x765;https://6267da378bebcc375d98-9b001b570be5d98685e8e16041505a25.ssl.cf3.rackcdn.com/OxCs9rq4u2E-pM6xLy6x.jpg||510x765","USD 4900","white","HAQ-inc","medium"
,,,,,,,,,,,,,,,,,3,"5-l","5-Large","https://6267da378bebcc375d98-9b001b570be5d98685e8e16041505a25.ssl.cf3.rackcdn.com/vTcyMRPL3_A-rY1gGs-p.jpg||510x765;https://6267da378bebcc375d98-9b001b570be5d98685e8e16041505a25.ssl.cf3.rackcdn.com/7lotdFjGzzQ-jpWCkSvV.jpg||510x765;https://6267da378bebcc375d98-9b001b570be5d98685e8e16041505a25.ssl.cf3.rackcdn.com/dDa7tfuiZEs-y6ik9hZv.jpg||510x680;https://6267da378bebcc375d98-9b001b570be5d98685e8e16041505a25.ssl.cf3.rackcdn.com/OxCs9rq4u2E-zki9dxTf.jpg||510x765","USD 4900","white","HAQ-inc","large"
"c7133f90-c541-469d-87de-b2bd857479fb","Clothes","","Satin bell-cup dress.","","Do you want to become the owner of a luxurious satin dress, in which you will be the most stylish visitor of a social evening? Then you have come to the right place! The corset will emphasize your figure, and decor in the form of ribbons on the chest will create a bright accent in the d√©colletage area.

Beware: you will attract everyone's attention!","","","product-7","white;lace;straps;mini;HAQ-inc","true","true","product-7","default-tax","Embedded","2023-08-25T08:07:16.906Z","2023-09-30T06:28:10.320Z",1,"7-s","7-Small","https://6267da378bebcc375d98-9b001b570be5d98685e8e16041505a25.ssl.cf3.rackcdn.com/qDKTBSTCVrA-_L3iSS5x.jpg||510x765;https://6267da378bebcc375d98-9b001b570be5d98685e8e16041505a25.ssl.cf3.rackcdn.com/7vM6o2ZMvjY-vWu-eO7G.jpg||510x765;https://6267da378bebcc375d98-9b001b570be5d98685e8e16041505a25.ssl.cf3.rackcdn.com/uJoVyLfIFqw-GcT2Anil.jpg||510x765","USD 6900","white","HAQ-inc","small"
,,,,,,,,,,,,,,,,,2,"7-m","7-Medium","https://6267da378bebcc375d98-9b001b570be5d98685e8e16041505a25.ssl.cf3.rackcdn.com/uJoVyLfIFqw-D4tt_CXd.jpg||510x765;https://6267da378bebcc375d98-9b001b570be5d98685e8e16041505a25.ssl.cf3.rackcdn.com/7vM6o2ZMvjY-qcQgspfQ.jpg||510x765;https://6267da378bebcc375d98-9b001b570be5d98685e8e16041505a25.ssl.cf3.rackcdn.com/qDKTBSTCVrA-OUaS6tIO.jpg||510x765","USD 6900","white","HAQ-inc","medium"
,,,,,,,,,,,,,,,,,3,"7-l","7-Large","https://6267da378bebcc375d98-9b001b570be5d98685e8e16041505a25.ssl.cf3.rackcdn.com/qDKTBSTCVrA-KCAyMNOs.jpg||510x765;https://6267da378bebcc375d98-9b001b570be5d98685e8e16041505a25.ssl.cf3.rackcdn.com/uJoVyLfIFqw-zL0vkwSi.jpg||510x765;https://6267da378bebcc375d98-9b001b570be5d98685e8e16041505a25.ssl.cf3.rackcdn.com/7vM6o2ZMvjY-382HnpL7.jpg||510x765","USD 6900","white","HAQ-inc","large"
"dac894b9-39cd-49a0-b973-ee87433ed955","Clothes","","Bandage dress with lace and straps on the chest","","The bandage dress is a winning look for any occasion! It is made of a unique tight material, which slims the figure and emphasizes shapes. In this outfit you will definitely become a real queen of the evening.

Deep neckline with lace choker adds not only sophistication but also sensuality to the image. Black cocktail dress will turn you into a true lady!","","","product-1","black;lace;straps;short;HAQ-inc","true","true","product-1","default-tax","Embedded","2023-08-25T07:14:13.546Z","2023-09-30T06:28:10.158Z",1,"1-s","1-Small","https://6267da378bebcc375d98-9b001b570be5d98685e8e16041505a25.ssl.cf3.rackcdn.com/ilSkRDVgYVw-cIjEQF8K.jpg||510x765;https://6267da378bebcc375d98-9b001b570be5d98685e8e16041505a25.ssl.cf3.rackcdn.com/4yQl9goajIw-cHgvsj6P.jpg||510x765;https://6267da378bebcc375d98-9b001b570be5d98685e8e16041505a25.ssl.cf3.rackcdn.com/0D0rw_8PkJE-LCjdHhU0.jpg||510x765","USD 6900","black","HAQ-inc","small"
,,,,,,,,,,,,,,,,,2,"1-m","1-Medium","https://6267da378bebcc375d98-9b001b570be5d98685e8e16041505a25.ssl.cf3.rackcdn.com/0D0rw_8PkJE-8eOAdQUn.jpg||510x765;https://6267da378bebcc375d98-9b001b570be5d98685e8e16041505a25.ssl.cf3.rackcdn.com/4yQl9goajIw-lRgf8suP.jpg||510x765;https://6267da378bebcc375d98-9b001b570be5d98685e8e16041505a25.ssl.cf3.rackcdn.com/ilSkRDVgYVw-3siEJDuA.jpg||510x765","USD 6900","black","HAQ-inc","medium"
,,,,,,,,,,,,,,,,,3,"1-l","1-Large","https://6267da378bebcc375d98-9b001b570be5d98685e8e16041505a25.ssl.cf3.rackcdn.com/0D0rw_8PkJE-O2dmLtsL.jpg||510x765;https://6267da378bebcc375d98-9b001b570be5d98685e8e16041505a25.ssl.cf3.rackcdn.com/ilSkRDVgYVw-sDn2mvE5.jpg||510x765;https://6267da378bebcc375d98-9b001b570be5d98685e8e16041505a25.ssl.cf3.rackcdn.com/4yQl9goajIw-Q1538xfA.jpg||510x765","USD 6900","black","HAQ-inc","large"
"a79943cb-6840-42ab-9474-bd7f32a42667","Clothes","","Cotton cup dress with lace-up detailing","","A dress made of cotton is not only beautiful, but also insanely comfortable. This fabric is hypoallergenic, it feels good on the body and does not cause irritation.

Due to the sewn-in cups, the model stays perfectly on the body and emphasizes all the advantages of the figure. The last trick that will make your summer look perfect is the special lacing, which helps to achieve a perfect fit.","","","product-2","white;short;cup;HAQ-inc","true","true","product-2","default-tax","Embedded","2023-08-25T07:33:19.937Z","2023-09-30T06:28:10.155Z",1,"2-s","2-Small","https://6267da378bebcc375d98-9b001b570be5d98685e8e16041505a25.ssl.cf3.rackcdn.com/7OQkfW2sVwY-UNG9_EYy.jpg||510x765;https://6267da378bebcc375d98-9b001b570be5d98685e8e16041505a25.ssl.cf3.rackcdn.com/QluoSl8Vny4-O2iAu7cX.jpg||510x765;https://6267da378bebcc375d98-9b001b570be5d98685e8e16041505a25.ssl.cf3.rackcdn.com/2_0jTQcYXo8-acE4Msnz.jpg||510x765","USD 5200","white","HAQ-inc","small"
,,,,,,,,,,,,,,,,,2,"2-m","2-Medium","https://6267da378bebcc375d98-9b001b570be5d98685e8e16041505a25.ssl.cf3.rackcdn.com/7OQkfW2sVwY-HYhsrPQs.jpg||510x765;https://6267da378bebcc375d98-9b001b570be5d98685e8e16041505a25.ssl.cf3.rackcdn.com/2_0jTQcYXo8-hP7SlmIc.jpg||510x765;https://6267da378bebcc375d98-9b001b570be5d98685e8e16041505a25.ssl.cf3.rackcdn.com/QluoSl8Vny4-HJLYi78j.jpg||510x765","USD 5200","white","HAQ-inc","medium"
,,,,,,,,,,,,,,,,,3,"2-l","2-Large","https://6267da378bebcc375d98-9b001b570be5d98685e8e16041505a25.ssl.cf3.rackcdn.com/2_0jTQcYXo8-_XVSCDCD.jpg||510x765;https://6267da378bebcc375d98-9b001b570be5d98685e8e16041505a25.ssl.cf3.rackcdn.com/7OQkfW2sVwY-7eQ7TL05.jpg||510x765;https://6267da378bebcc375d98-9b001b570be5d98685e8e16041505a25.ssl.cf3.rackcdn.com/QluoSl8Vny4-rw4pNNhx.jpg||510x765","USD 5200","white","HAQ-inc","large"
"032ea103-8a9c-41b3-9fd0-e079b0165887","Clothes","","Double suit with rhinestone ribbons on the shoulders","","Do you remember how the girls invited to the party were dressed in The Great Gatsby?
In our double costume you can look the same .
Asymmetrical skirt, jacket with rhinestone ribbon. Elegant, minimalist and luxurious - it has all the essentials.","","","product-11","black;rhinestones;chains;ribbons;RS-fashion","true","true","product-11","default-tax","Embedded","2023-08-25T08:36:08.715Z","2023-09-30T06:28:10.163Z",1,"11-s","11-Small","https://6267da378bebcc375d98-9b001b570be5d98685e8e16041505a25.ssl.cf3.rackcdn.com/4y8pTUgGldQ-zNOfwT8y.jpg||510x765;https://6267da378bebcc375d98-9b001b570be5d98685e8e16041505a25.ssl.cf3.rackcdn.com/gZ01ISakjSw-zTpLkoq4.jpg||510x680;https://6267da378bebcc375d98-9b001b570be5d98685e8e16041505a25.ssl.cf3.rackcdn.com/8SWN5ACA4Ik-PABW1hvh.jpg||510x765;https://6267da378bebcc375d98-9b001b570be5d98685e8e16041505a25.ssl.cf3.rackcdn.com/9WeFMXBUW2c-jPzeDKzy.jpg||510x765","USD 11550","black","RS-fashion","small"
,,,,,,,,,,,,,,,,,2,"11-m","11-Medium","https://6267da378bebcc375d98-9b001b570be5d98685e8e16041505a25.ssl.cf3.rackcdn.com/9WeFMXBUW2c-OCO-7IGY.jpg||510x765;https://6267da378bebcc375d98-9b001b570be5d98685e8e16041505a25.ssl.cf3.rackcdn.com/4y8pTUgGldQ-HirAXB-c.jpg||510x765;https://6267da378bebcc375d98-9b001b570be5d98685e8e16041505a25.ssl.cf3.rackcdn.com/gZ01ISakjSw-f3JS_6fl.jpg||510x680;https://6267da378bebcc375d98-9b001b570be5d98685e8e16041505a25.ssl.cf3.rackcdn.com/8SWN5ACA4Ik-9B_qZrr3.jpg||510x765","USD 11550","black","RS-fashion","medium"
,,,,,,,,,,,,,,,,,3,"11-l","11-Large","https://6267da378bebcc375d98-9b001b570be5d98685e8e16041505a25.ssl.cf3.rackcdn.com/4y8pTUgGldQ-2sZbo6-L.jpg||510x765;https://6267da378bebcc375d98-9b001b570be5d98685e8e16041505a25.ssl.cf3.rackcdn.com/8SWN5ACA4Ik-pfe4oSSC.jpg||510x765;https://6267da378bebcc375d98-9b001b570be5d98685e8e16041505a25.ssl.cf3.rackcdn.com/gZ01ISakjSw-D34aYvNq.jpg||510x680;https://6267da378bebcc375d98-9b001b570be5d98685e8e16041505a25.ssl.cf3.rackcdn.com/9WeFMXBUW2c-UxrzYlLB.jpg||510x765","USD 11550","black","RS-fashion","large"
"fc790e0e-a996-46c9-a8be-caed2a0b4e1a","Clothes","","Bandage dress mini with straps and rhinestones on the leg","","Little black dress is the secret of every woman's beauty! Deep neckline and a bright cut on the leg will add the image of sexiness and seductiveness.","","","product-15","straps;rhinestones;mini;black;chains;RS-fashion","true","true","product-15","default-tax","Embedded","2023-08-25T08:57:42.007Z","2023-09-30T06:28:10.151Z",1,"15-s","15-Small","https://6267da378bebcc375d98-9b001b570be5d98685e8e16041505a25.ssl.cf3.rackcdn.com/ks2NHQuLGlU-IAkvktZ1.jpg||510x765;https://6267da378bebcc375d98-9b001b570be5d98685e8e16041505a25.ssl.cf3.rackcdn.com/YqL-qaQBgOA-lh-HSLld.jpg||510x765;https://6267da378bebcc375d98-9b001b570be5d98685e8e16041505a25.ssl.cf3.rackcdn.com/us-vKIjO09k-XFEwDXh3.jpg||510x765;https://6267da378bebcc375d98-9b001b570be5d98685e8e16041505a25.ssl.cf3.rackcdn.com/PpTAAmzuT4M-sgE1SxAO.jpg||510x765;https://6267da378bebcc375d98-9b001b570be5d98685e8e16041505a25.ssl.cf3.rackcdn.com/lrUFPVBWB9c-lIyazxWg.jpg||510x765","USD 5200","black","RS-fashion","small"
,,,,,,,,,,,,,,,,,2,"15-m","15-Medium","https://6267da378bebcc375d98-9b001b570be5d98685e8e16041505a25.ssl.cf3.rackcdn.com/us-vKIjO09k-COAtVXVq.jpg||510x765;https://6267da378bebcc375d98-9b001b570be5d98685e8e16041505a25.ssl.cf3.rackcdn.com/PpTAAmzuT4M-xvM7sM7f.jpg||510x765;https://6267da378bebcc375d98-9b001b570be5d98685e8e16041505a25.ssl.cf3.rackcdn.com/ks2NHQuLGlU--7tUfNpC.jpg||510x765;https://6267da378bebcc375d98-9b001b570be5d98685e8e16041505a25.ssl.cf3.rackcdn.com/YqL-qaQBgOA-9z3bU4NV.jpg||510x765;https://6267da378bebcc375d98-9b001b570be5d98685e8e16041505a25.ssl.cf3.rackcdn.com/lrUFPVBWB9c-5D-xmrMn.jpg||510x765","USD 5200","black","RS-fashion","medium"
,,,,,,,,,,,,,,,,,3,"15-l","15-Large","https://6267da378bebcc375d98-9b001b570be5d98685e8e16041505a25.ssl.cf3.rackcdn.com/YqL-qaQBgOA-ko6ef5_0.jpg||510x765;https://6267da378bebcc375d98-9b001b570be5d98685e8e16041505a25.ssl.cf3.rackcdn.com/ks2NHQuLGlU-M53M_WRm.jpg||510x765;https://6267da378bebcc375d98-9b001b570be5d98685e8e16041505a25.ssl.cf3.rackcdn.com/us-vKIjO09k-NOHaX6aJ.jpg||510x765;https://6267da378bebcc375d98-9b001b570be5d98685e8e16041505a25.ssl.cf3.rackcdn.com/PpTAAmzuT4M-YNp8uyWS.jpg||510x765;https://6267da378bebcc375d98-9b001b570be5d98685e8e16041505a25.ssl.cf3.rackcdn.com/lrUFPVBWB9c-ZsKFefNG.jpg||510x765","USD 5200","black","RS-fashion","large"
"191478cb-036e-48e3-b1f1-ca894000ab7b","Clothes","","Summer bell shirt-dress with lace ","","A light summer dress that will make your look truly charming. Romantic and airy mini is a hit of any closet.
The shirt dress is embroidered with lace, which adds tenderness to the image. The belt is responsible for its practicality, thanks to which you can emphasize the waist or choose a more comfortable option by fastening the dress only with buttons.","","","product-19","white;sun;midi;lace;Bold-Italics","true","true","product-19","default-tax","Embedded","2023-08-25T11:04:16.286Z","2023-09-30T06:28:10.153Z",1,"19-s","19-Small","https://6267da378bebcc375d98-9b001b570be5d98685e8e16041505a25.ssl.cf3.rackcdn.com/1F5qVoLyTxg-Czc31QUY.jpg||510x765;https://6267da378bebcc375d98-9b001b570be5d98685e8e16041505a25.ssl.cf3.rackcdn.com/BeEpxVYSRjg-rZemlLUT.jpg||510x765;https://6267da378bebcc375d98-9b001b570be5d98685e8e16041505a25.ssl.cf3.rackcdn.com/KfSEf5yC_PY-_M6QSUTr.jpg||510x765;https://6267da378bebcc375d98-9b001b570be5d98685e8e16041505a25.ssl.cf3.rackcdn.com/dSuFMyPN5pQ-jF_PpETN.jpg||510x765;https://6267da378bebcc375d98-9b001b570be5d98685e8e16041505a25.ssl.cf3.rackcdn.com/NEm_fCGNnYU-hrgCaB33.jpg||510x765","USD 6200","white","Bold Italics","small"
,,,,,,,,,,,,,,,,,2,"19-m","19-Medium","https://6267da378bebcc375d98-9b001b570be5d98685e8e16041505a25.ssl.cf3.rackcdn.com/BeEpxVYSRjg-JUQIpm9m.jpg||510x765;https://6267da378bebcc375d98-9b001b570be5d98685e8e16041505a25.ssl.cf3.rackcdn.com/KfSEf5yC_PY-2yVMKJEa.jpg||510x765;https://6267da378bebcc375d98-9b001b570be5d98685e8e16041505a25.ssl.cf3.rackcdn.com/1F5qVoLyTxg-xXxUXPYm.jpg||510x765;https://6267da378bebcc375d98-9b001b570be5d98685e8e16041505a25.ssl.cf3.rackcdn.com/dSuFMyPN5pQ-jWBYHdvT.jpg||510x765;https://6267da378bebcc375d98-9b001b570be5d98685e8e16041505a25.ssl.cf3.rackcdn.com/NEm_fCGNnYU-hxazFSTn.jpg||510x765","USD 6200","white","Bold Italics","medium"
,,,,,,,,,,,,,,,,,3,"19-l","19-Large","https://6267da378bebcc375d98-9b001b570be5d98685e8e16041505a25.ssl.cf3.rackcdn.com/dSuFMyPN5pQ-20K6E-rY.jpg||510x765;https://6267da378bebcc375d98-9b001b570be5d98685e8e16041505a25.ssl.cf3.rackcdn.com/1F5qVoLyTxg-Uk7-_MPC.jpg||510x765;https://6267da378bebcc375d98-9b001b570be5d98685e8e16041505a25.ssl.cf3.rackcdn.com/NEm_fCGNnYU-1-M-fQ5h.jpg||510x765;https://6267da378bebcc375d98-9b001b570be5d98685e8e16041505a25.ssl.cf3.rackcdn.com/BeEpxVYSRjg-WwLkkY_L.jpg||510x765;https://6267da378bebcc375d98-9b001b570be5d98685e8e16041505a25.ssl.cf3.rackcdn.com/KfSEf5yC_PY-o7soZApn.jpg||510x765","USD 6200","white","Bold Italics","large"
"8b6885ad-e5f6-4bea-adec-372404c5f00c","Clothes","","Bandage dress with choker","","Tiffany is synonymous with luxury and wealth! And this means that in a bandage dress with this color you will feel confident and feminine. Elastic fabric will help to hide figure flaws and create a perfect silhouette. Choker visually lengthens the neck and makes the image more seductive. A beautiful dress for a special occasion.

Why don't you have breakfast with Audrey Hepburn?","","","product-14","chocker;tiffany;midi;straps;RS-fashion","true","true","product-14","default-tax","Embedded","2023-08-25T08:52:48.481Z","2023-09-30T06:28:10.239Z",1,"14-s","14-Small","https://6267da378bebcc375d98-9b001b570be5d98685e8e16041505a25.ssl.cf3.rackcdn.com/RVAThsvZrxA-sCuc1lDC.jpg||510x765;https://6267da378bebcc375d98-9b001b570be5d98685e8e16041505a25.ssl.cf3.rackcdn.com/0jYwSDxXVHE-uqZyG8IL.jpg||510x637;https://6267da378bebcc375d98-9b001b570be5d98685e8e16041505a25.ssl.cf3.rackcdn.com/wvW999pmGa0-VNQpEKlP.jpg||510x637;https://6267da378bebcc375d98-9b001b570be5d98685e8e16041505a25.ssl.cf3.rackcdn.com/4yfGQGnHcDM-Q9FM8Ih_.jpg||510x765;https://6267da378bebcc375d98-9b001b570be5d98685e8e16041505a25.ssl.cf3.rackcdn.com/96i7tx0Tz2Q-DT2sFPLG.jpg||510x765","USD 6900","tiffany","RS-fashion","small"
,,,,,,,,,,,,,,,,,2,"14-m","14-Medium","https://6267da378bebcc375d98-9b001b570be5d98685e8e16041505a25.ssl.cf3.rackcdn.com/wvW999pmGa0-S19p9k8K.jpg||510x637;https://6267da378bebcc375d98-9b001b570be5d98685e8e16041505a25.ssl.cf3.rackcdn.com/0jYwSDxXVHE-uFHtnL4I.jpg||510x637;https://6267da378bebcc375d98-9b001b570be5d98685e8e16041505a25.ssl.cf3.rackcdn.com/RVAThsvZrxA-36Fils8O.jpg||510x765;https://6267da378bebcc375d98-9b001b570be5d98685e8e16041505a25.ssl.cf3.rackcdn.com/4yfGQGnHcDM-gDGUZo4q.jpg||510x765;https://6267da378bebcc375d98-9b001b570be5d98685e8e16041505a25.ssl.cf3.rackcdn.com/96i7tx0Tz2Q-tcASCxQN.jpg||510x765","USD 6900","tiffany","RS-fashion","medium"
,,,,,,,,,,,,,,,,,3,"14-l","14-Large","https://6267da378bebcc375d98-9b001b570be5d98685e8e16041505a25.ssl.cf3.rackcdn.com/0jYwSDxXVHE-M5Gjl5Zq.jpg||510x637;https://6267da378bebcc375d98-9b001b570be5d98685e8e16041505a25.ssl.cf3.rackcdn.com/4yfGQGnHcDM-HLJwGAEX.jpg||510x765;https://6267da378bebcc375d98-9b001b570be5d98685e8e16041505a25.ssl.cf3.rackcdn.com/96i7tx0Tz2Q-PFr0euSp.jpg||510x765;https://6267da378bebcc375d98-9b001b570be5d98685e8e16041505a25.ssl.cf3.rackcdn.com/wvW999pmGa0-ieHY3jq7.jpg||510x637;https://6267da378bebcc375d98-9b001b570be5d98685e8e16041505a25.ssl.cf3.rackcdn.com/RVAThsvZrxA-b6GffudS.jpg||510x765","USD 6900","tiffany","RS-fashion","large"
"e3daf2a9-74de-45f3-a5ef-25f14be565dc","Clothes","","Long sided jacket with rhinestones","","Jacket is the basis of ladies' closet. Mini-model with an elongated side will add to the classic image spectacularity. Any girl will look both feminine and seductive in it.
Jacket dress with bright rhinestones is suitable for an evening out or an important event. In such an outfit it is difficult to remain inconspicuous.","","","product-10","white;rhinestones;RS-fashion","true","true","product-10","default-tax","Embedded","2023-08-25T08:22:43.248Z","2023-09-30T06:28:10.158Z",1,"10-s","10-Small","https://6267da378bebcc375d98-9b001b570be5d98685e8e16041505a25.ssl.cf3.rackcdn.com/ZXZWWG4-Qj4-jA6fw9ky.jpg||510x765;https://6267da378bebcc375d98-9b001b570be5d98685e8e16041505a25.ssl.cf3.rackcdn.com/dLlTB1w4zH8-yY3gDBMp.jpg||510x765;https://6267da378bebcc375d98-9b001b570be5d98685e8e16041505a25.ssl.cf3.rackcdn.com/EjUYGWEq2cw-3fD9nZa4.jpg||510x765","USD 8580","white","RS-fashion","small"
,,,,,,,,,,,,,,,,,2,"10-m","10-Medium","https://6267da378bebcc375d98-9b001b570be5d98685e8e16041505a25.ssl.cf3.rackcdn.com/ZXZWWG4-Qj4-DbX6ejJf.jpg||510x765;https://6267da378bebcc375d98-9b001b570be5d98685e8e16041505a25.ssl.cf3.rackcdn.com/EjUYGWEq2cw-KTlN-n4U.jpg||510x765;https://6267da378bebcc375d98-9b001b570be5d98685e8e16041505a25.ssl.cf3.rackcdn.com/dLlTB1w4zH8-abZfXaog.jpg||510x765","USD 8580","white","RS-fashion","medium"
,,,,,,,,,,,,,,,,,3,"10-l","10-Large","https://6267da378bebcc375d98-9b001b570be5d98685e8e16041505a25.ssl.cf3.rackcdn.com/ZXZWWG4-Qj4-hqbTGuo3.jpg||510x765;https://6267da378bebcc375d98-9b001b570be5d98685e8e16041505a25.ssl.cf3.rackcdn.com/dLlTB1w4zH8-bmt9rPtv.jpg||510x765;https://6267da378bebcc375d98-9b001b570be5d98685e8e16041505a25.ssl.cf3.rackcdn.com/EjUYGWEq2cw-mptHMNvV.jpg||510x765","USD 8580","white","RS-fashion","large"
"784e16a5-8bcc-42f5-b9f8-e54e436b0cf8","Clothes","","Hussar capsule skirt","","The best choice for real hussars! The skirt does not constrict movement, allows you to swing a saber and move both on horseback and on a wheelbarrow.","","","product-23","short;black;buttons;mini;Bold-Italics","true","true","product-23","default-tax","Embedded","2023-08-25T11:31:27.693Z","2023-09-30T06:28:10.158Z",1,"23-s","23-Small","https://6267da378bebcc375d98-9b001b570be5d98685e8e16041505a25.ssl.cf3.rackcdn.com/AlK-ZlJuR0I-LQBBL67d.jpg||510x765;https://6267da378bebcc375d98-9b001b570be5d98685e8e16041505a25.ssl.cf3.rackcdn.com/nzjorMcBVEI-7D659-0_.jpg||510x765;https://6267da378bebcc375d98-9b001b570be5d98685e8e16041505a25.ssl.cf3.rackcdn.com/9XeORAj_eTI-nzYXd6Gx.jpg||510x765;https://6267da378bebcc375d98-9b001b570be5d98685e8e16041505a25.ssl.cf3.rackcdn.com/JmQNe9FS6HE-Ddbkf-Hs.jpg||510x765;https://6267da378bebcc375d98-9b001b570be5d98685e8e16041505a25.ssl.cf3.rackcdn.com/me3uEluYAwg-6oBkRhnH.jpg||510x801","USD 5900","black","Bold Italics","small"
,,,,,,,,,,,,,,,,,2,"23-m","23-Medium","https://6267da378bebcc375d98-9b001b570be5d98685e8e16041505a25.ssl.cf3.rackcdn.com/JmQNe9FS6HE-agfZCeCg.jpg||510x765;https://6267da378bebcc375d98-9b001b570be5d98685e8e16041505a25.ssl.cf3.rackcdn.com/9XeORAj_eTI-fqESy5An.jpg||510x765;https://6267da378bebcc375d98-9b001b570be5d98685e8e16041505a25.ssl.cf3.rackcdn.com/me3uEluYAwg-Bohben3U.jpg||510x801;https://6267da378bebcc375d98-9b001b570be5d98685e8e16041505a25.ssl.cf3.rackcdn.com/AlK-ZlJuR0I-cXErsa6A.jpg||510x765;https://6267da378bebcc375d98-9b001b570be5d98685e8e16041505a25.ssl.cf3.rackcdn.com/nzjorMcBVEI-bKvb7gVc.jpg||510x765","USD 5900","black","Bold Italics","medium"
,,,,,,,,,,,,,,,,,3,"23-l","23-Large","https://6267da378bebcc375d98-9b001b570be5d98685e8e16041505a25.ssl.cf3.rackcdn.com/AlK-ZlJuR0I-JWYiyDK6.jpg||510x765;https://6267da378bebcc375d98-9b001b570be5d98685e8e16041505a25.ssl.cf3.rackcdn.com/JmQNe9FS6HE-SADR_tlJ.jpg||510x765;https://6267da378bebcc375d98-9b001b570be5d98685e8e16041505a25.ssl.cf3.rackcdn.com/nzjorMcBVEI-DWw__U85.jpg||510x765;https://6267da378bebcc375d98-9b001b570be5d98685e8e16041505a25.ssl.cf3.rackcdn.com/me3uEluYAwg-k53OhEAG.jpg||510x801;https://6267da378bebcc375d98-9b001b570be5d98685e8e16041505a25.ssl.cf3.rackcdn.com/9XeORAj_eTI-vISkn4vD.jpg||510x765","USD 5900","black","Bold Italics","large"
"4cf71332-0a74-47f7-a4f2-d9c29e1ffcc2","Clothes","","Yellow flared pants","","Everyone will feel confident and stylish in flared pants. This model is perfect not only for everyday look, but also for home look. Combine the pants with any outerwear and shoes: from sneakers to sandals. Loose and flared silhouette hides all the flaws of the figure and does not constrict movements. Be confident in every step!","","","product-8","yellow;long;HAQ-inc","true","true","product-8","default-tax","Embedded","2023-08-25T08:13:32.513Z","2023-09-30T06:28:10.162Z",1,"8-s","8-Small","https://6267da378bebcc375d98-9b001b570be5d98685e8e16041505a25.ssl.cf3.rackcdn.com/d33bdLvXRIQ-uCyPRfDb.jpg||510x765;https://6267da378bebcc375d98-9b001b570be5d98685e8e16041505a25.ssl.cf3.rackcdn.com/ylCSvGT-cqk-JBzmCiqS.jpg||510x765;https://6267da378bebcc375d98-9b001b570be5d98685e8e16041505a25.ssl.cf3.rackcdn.com/D2FNy78FqWI-xOB1hVag.jpg||510x765","USD 5200","yellow","HAQ-inc","small"
,,,,,,,,,,,,,,,,,2,"8-m","8-Medium","https://6267da378bebcc375d98-9b001b570be5d98685e8e16041505a25.ssl.cf3.rackcdn.com/d33bdLvXRIQ-5lDmzOli.jpg||510x765;https://6267da378bebcc375d98-9b001b570be5d98685e8e16041505a25.ssl.cf3.rackcdn.com/D2FNy78FqWI-ghoWTzJ1.jpg||510x765;https://6267da378bebcc375d98-9b001b570be5d98685e8e16041505a25.ssl.cf3.rackcdn.com/ylCSvGT-cqk-WxyCGotg.jpg||510x765","USD 5200","yellow","HAQ-inc","medium"
,,,,,,,,,,,,,,,,,3,"8-l","8-Large","https://6267da378bebcc375d98-9b001b570be5d98685e8e16041505a25.ssl.cf3.rackcdn.com/d33bdLvXRIQ-O4m00oTy.jpg||510x765;https://6267da378bebcc375d98-9b001b570be5d98685e8e16041505a25.ssl.cf3.rackcdn.com/D2FNy78FqWI-Rf2EcL42.jpg||510x765;https://6267da378bebcc375d98-9b001b570be5d98685e8e16041505a25.ssl.cf3.rackcdn.com/ylCSvGT-cqk-gqXEFHBt.jpg||510x765","USD 5200","yellow","HAQ-inc","large"
"cec17911-f692-46fc-8e3d-37481f70632b","Clothes","","Dress with sun skirt and tulle","","Dress with a sun skirt never goes out of fashion, it is a real element of femininity and beauty. Tulle adds lightness and airiness to the image. Do not hesitate, such an outfit looks attractive on figures of any type.

The model with a deep neckline elongates the silhouette and gives it elegance. A great option for a romantic evening stroll or a trip to your favorite restaurant. All that's left is to add a couple of accessories!","","","product-3","black;sun;tulle;HAQ-inc","false","true","product-3","default-tax","Embedded","2023-08-25T07:43:36.400Z","2023-09-30T06:56:20.507Z",1,"3-s","3-Small","https://6267da378bebcc375d98-9b001b570be5d98685e8e16041505a25.ssl.cf3.rackcdn.com/9XGyyHpYfHU-Vtznt9Ia.jpg||510x765;https://6267da378bebcc375d98-9b001b570be5d98685e8e16041505a25.ssl.cf3.rackcdn.com/VRHF5bldHME-LV9LQtLD.jpg||510x765;https://6267da378bebcc375d98-9b001b570be5d98685e8e16041505a25.ssl.cf3.rackcdn.com/oasbiQ1D2Vo-ZlL8gcZP.jpg||510x765;https://6267da378bebcc375d98-9b001b570be5d98685e8e16041505a25.ssl.cf3.rackcdn.com/qDz6UXJX_5A-9YlNKpY2.jpg||510x900;https://6267da378bebcc375d98-9b001b570be5d98685e8e16041505a25.ssl.cf3.rackcdn.com/tCQu2F3lAik-P4egivp0.jpg||510x765","USD 7200","black","HAQ-inc","small"
,,,,,,,,,,,,,,,,,2,"3-m","3-Medium","https://6267da378bebcc375d98-9b001b570be5d98685e8e16041505a25.ssl.cf3.rackcdn.com/VRHF5bldHME-tUwxp2iE.jpg||510x765;https://6267da378bebcc375d98-9b001b570be5d98685e8e16041505a25.ssl.cf3.rackcdn.com/9XGyyHpYfHU-endfljSX.jpg||510x765;https://6267da378bebcc375d98-9b001b570be5d98685e8e16041505a25.ssl.cf3.rackcdn.com/tCQu2F3lAik-oiPDPrJq.jpg||510x765;https://6267da378bebcc375d98-9b001b570be5d98685e8e16041505a25.ssl.cf3.rackcdn.com/oasbiQ1D2Vo-yYRixhBx.jpg||510x765;https://6267da378bebcc375d98-9b001b570be5d98685e8e16041505a25.ssl.cf3.rackcdn.com/qDz6UXJX_5A-Jk20hsoi.jpg||510x900","USD 7200","black","HAQ-inc","medium"
,,,,,,,,,,,,,,,,,3,"3-l","3-Large","https://6267da378bebcc375d98-9b001b570be5d98685e8e16041505a25.ssl.cf3.rackcdn.com/9XGyyHpYfHU-XcpagLS5.jpg||510x765;https://6267da378bebcc375d98-9b001b570be5d98685e8e16041505a25.ssl.cf3.rackcdn.com/qDz6UXJX_5A-3n_Xi7CY.jpg||510x900;https://6267da378bebcc375d98-9b001b570be5d98685e8e16041505a25.ssl.cf3.rackcdn.com/oasbiQ1D2Vo-Yjhdhf3c.jpg||510x765;https://6267da378bebcc375d98-9b001b570be5d98685e8e16041505a25.ssl.cf3.rackcdn.com/tCQu2F3lAik-E_96vVT6.jpg||510x765;https://6267da378bebcc375d98-9b001b570be5d98685e8e16041505a25.ssl.cf3.rackcdn.com/VRHF5bldHME-mj04--qy.jpg||510x765","USD 7200","black","HAQ-inc","large"
